map,SootopolisCity_Layout,width,60,height,60,primary,gTileset_General,secondary,gTileset_Sootopolis
y\x,0,1,2,3,4,5,6,7,8,9,10,11,12,13,14,15,16,17,18,19,20,21,22,23,24,25,26,27,28,29,30,31,32,33,34,35,36,37,38,39,40,41,42,43,44,45,46,47,48,49,50,51,52,53,54,55,56,57,58,59
0,0x06D9,0x06D9,0x06D9,0x06D9,0x06D9,0x06D9,0x06D9,0x06DA,0x06D9,0x06D9,0x06D3,0x06E1,0x06E1,0x06E1,0x06E2,0x06DA,0x32D9,0x06DA,0x32D9,0x32D9,0x06D9,0x06D9,0x06D9,0x06D9,0x06D9,0x06D3,0x06E1,0x06E1,0x0639,0x06E1,0x06E1,0x06E1,0x06E1,0x06E1,0x06D4,0x06E0,0x06D4,0x06E0,0x06D4,0x32D9,0x32D9,0x32D9,0x32D9,0x32D9,0x06E0,0x06E1,0x06E1,0x06E1,0x06E1,0x06E1,0x06E1,0x06E1,0x0639,0x06E1,0x06D4,0x32D9,0x32D9,0x32D9,0x32D9,0x32D9
1,0x06D9,0x06D9,0x06D9,0x06D9,0x06D3,0x06E1,0x06E1,0x06E2,0x06D9,0x06D9,0x06DA,0x06D9,0x06D3,0x06E1,0x06E1,0x06E2,0x06D3,0x06E2,0x32D9,0x32D9,0x06D3,0x06E1,0x06E1,0x0639,0x06E1,0x06E2,0x06D3,0x0608,0x0610,0x0618,0x064B,0x064C,0x064D,0x06D4,0x06E0,0x06D4,0x06E0,0x06D4,0x06E0,0x06E1,0x06E1,0x06E1,0x06E1,0x06E1,0x06E1,0x06E1,0x06E1,0x06E1,0x06E1,0x06E1,0x06E1,0x0608,0x0610,0x0603,0x06E0,0x0639,0x06E1,0x06E1,0x06D4,0x32D9
2,0x06D9,0x06D3,0x06E1,0x06E1,0x06E2,0x06D9,0x06D3,0x06E1,0x06E1,0x0639,0x06E2,0x06D9,0x06DA,0x32D9,0x32D9,0x32D9,0x06DA,0x32D9,0x32D9,0x32D9,0x06DA,0x06D3,0x0608,0x0610,0x0618,0x06E1,0x06E2,0x0609,0x060A,0x060B,0x060D,0x060E,0x060F,0x06D8,0x32D9,0x06E0,0x06D4,0x06E0,0x06E1,0x06E1,0x06E1,0x06E1,0x06D4,0x32D9,0x32D9,0x32D9,0x32D9,0x32D9,0x32D9,0x32D9,0x32D9,0x0609,0x060A,0x060B,0x0608,0x0610,0x0618,0x06D4,0x06D8,0x32D9
3,0x06E1,0x06E2,0x06D9,0x06D9,0x06D3,0x06E1,0x06E2,0x06D9,0x0601,0x0602,0x0618,0x06E1,0x06E2,0x06D3,0x06E1,0x06E1,0x06E2,0x32D9,0x32D9,0x32D9,0x06DA,0x06DA,0x0609,0x060A,0x060B,0x32D9,0x32D9,0x0611,0x0612,0x0613,0x0625,0x0637,0x0627,0x06D8,0x32D9,0x32D9,0x06E0,0x06D4,0x32D9,0x32D9,0x32D9,0x32D9,0x06E0,0x06E1,0x064B,0x064C,0x064D,0x32D9,0x32D9,0x32D9,0x32D9,0x0611,0x0612,0x0613,0x0609,0x060A,0x060B,0x06D8,0x06E0,0x06E1
4,0x06D9,0x06D9,0x06D3,0x06E1,0x06E2,0x06D9,0x06D3,0x06E1,0x0609,0x060A,0x060B,0x0655,0x06D9,0x06DA,0x06D3,0x06E1,0x06E1,0x06E1,0x06E1,0x06E1,0x06E2,0x06DA,0x0611,0x0604,0x0613,0x32D9,0x32D9,0x0619,0x061A,0x061B,0x062D,0x063F,0x062F,0x06E0,0x06D4,0x32D9,0x32D9,0x06E0,0x06D4,0x0640,0x0641,0x0641,0x0641,0x0642,0x060D,0x060E,0x065A,0x06D4,0x32D9,0x32D9,0x32D9,0x0619,0x061A,0x061B,0x0611,0x0604,0x0613,0x06E0,0x06E1,0x06D4
5,0x06E1,0x06E1,0x06E2,0x06D9,0x06D9,0x06D3,0x06E2,0x32D9,0x0623,0x0614,0x0624,0x065F,0x06D3,0x06E2,0x06DA,0x32D9,0x32D9,0x32D9,0x32D9,0x32D9,0x32D9,0x06DA,0x0619,0x060C,0x061B,0x32D9,0x32D9,0x32D9,0x32D9,0x32D9,0x32D9,0x32D9,0x32D9,0x32D9,0x06E0,0x06E1,0x06D4,0x32D9,0x06E0,0x06E1,0x06D4,0x32D9,0x32D9,0x32D9,0x0615,0x0616,0x0617,0x06E0,0x06D4,0x32D9,0x32D9,0x32D9,0x32D9,0x32D9,0x0619,0x060C,0x061B,0x32D9,0x32D9,0x06D8
6,0x06D9,0x06D3,0x064B,0x064C,0x064D,0x06E2,0x32D9,0x32D9,0x062B,0x061C,0x062C,0x065F,0x06DA,0x06D3,0x06E2,0x32D9,0x32D9,0x06D3,0x06E1,0x3244,0x3245,0x06E2,0x32D9,0x32D9,0x32D9,0x32D9,0x32D9,0x32D9,0x32D9,0x32D9,0x32D9,0x32D9,0x32D9,0x32D9,0x32D9,0x32D9,0x06D8,0x32D9,0x32D9,0x32D9,0x06D8,0x32D9,0x32D9,0x32D9,0x061D,0x061E,0x061F,0x32D9,0x06D8,0x0640,0x0641,0x0641,0x0641,0x0641,0x0641,0x0641,0x0641,0x0642,0x32D9,0x06E0
7,0x06D3,0x06E2,0x060D,0x060E,0x060F,0x0640,0x0641,0x0641,0x0646,0x32D9,0x0647,0x065C,0x06DA,0x06DA,0x32D9,0x32D9,0x32D9,0x06DA,0x32D9,0x32D9,0x32D9,0x32D9,0x32D9,0x32D9,0x32D9,0x32D9,0x0640,0x0641,0x0646,0x32D9,0x32D9,0x0647,0x0641,0x0641,0x0641,0x0642,0x06E0,0x06D4,0x32D9,0x32D9,0x06E0,0x06E1,0x06E1,0x06E1,0x06E1,0x3244,0x06E1,0x06D4,0x06E0,0x06E1,0x06E1,0x06E1,0x06E1,0x06E1,0x06E1,0x06E1,0x06E1,0x06D4,0x32D9,0x32D9
8,0x06E2,0x06D9,0x0625,0x0636,0x0627,0x32D9,0x06D3,0x06E1,0x0662,0x3244,0x0663,0x06E1,0x06E2,0x06DA,0x32D9,0x32D9,0x32D9,0x06DA,0x32D9,0x32D9,0x32D9,0x32D9,0x32D9,0x32D9,0x32D9,0x32D9,0x06D3,0x06E1,0x0662,0x3244,0x3245,0x0663,0x06E1,0x06E1,0x06E1,0x06E1,0x06D4,0x06E0,0x06E1,0x06E1,0x06E1,0x06E1,0x06D4,0x32D9,0x32D9,0x32D9,0x32D9,0x06E0,0x06E1,0x06E1,0x06E1,0x06E1,0x06E1,0x0639,0x06E1,0x06E1,0x06D4,0x06D8,0x32D9,0x32D9
9,0x06D9,0x06D9,0x062D,0x063E,0x062F,0x32D9,0x06DA,0x32D9,0x06D3,0x3244,0x06E1,0x06E1,0x06E1,0x06E2,0x32D9,0x32D9,0x32D9,0x06DA,0x06D3,0x06E1,0x06E1,0x06E1,0x06E1,0x06E1,0x06E1,0x06E1,0x06E2,0x32D9,0x32D9,0x32D9,0x32D9,0x32D9,0x32D9,0x32D9,0x32D9,0x32D9,0x06E0,0x06E1,0x06E1,0x06E1,0x06D4,0x06D9,0x06E0,0x06E1,0x06E1,0x3244,0x06E1,0x06E1,0x06E1,0x06E1,0x06E1,0x06E1,0x0608,0x0610,0x0618,0x06D4,0x06D8,0x06E0,0x06E1,0x06D4
10,0x0641,0x0641,0x0641,0x0641,0x0641,0x0642,0x06DA,0x32D9,0x06DA,0x32D9,0x32D9,0x32D9,0x32D9,0x32D9,0x32D9,0x32D9,0x32D9,0x06DA,0x06DA,0x32D9,0x32D9,0x06D3,0x06E1,0x06E1,0x06E1,0x06E1,0x06E1,0x06E1,0x06E1,0x06E1,0x06E1,0x06E1,0x06E1,0x06E1,0x3244,0x3245,0x06E1,0x06E1,0x06E1,0x06D4,0x06E0,0x06D4,0x06D9,0x06D9,0x02D3,0x3244,0x06E1,0x06E1,0x06E1,0x06E1,0x06E1,0x06D4,0x0609,0x060A,0x060B,0x06D8,0x06E0,0x06E1,0x06D4,0x06E0
11,0x06E1,0x06E1,0x06E1,0x06E1,0x06E1,0x06E1,0x06E2,0x06D3,0x06E2,0x06D3,0x06E1,0x06E1,0x06E1,0x06E1,0x06E1,0x3244,0x3245,0x06E2,0x06DA,0x06D3,0x06E1,0x06E2,0x06D3,0x06E1,0x06E1,0x06E1,0x06E1,0x06E1,0x06E1,0x06E1,0x06E1,0x06E1,0x06E1,0x06E1,0x3244,0x3245,0x06E1,0x06E1,0x06D4,0x06D8,0x32D9,0x06D8,0x06D9,0x06D9,0x06DA,0x32D9,0x32D9,0x32D9,0x32D9,0x32D9,0x32D9,0x06D8,0x0611,0x0604,0x0613,0x06D8,0x32D9,0x32D9,0x06D8,0x32D9
12,0x32D9,0x32D9,0x06D3,0x06E1,0x06E1,0x06E1,0x06E1,0x06E2,0x06D3,0x06E2,0x32D9,0x32D9,0x32D9,0x32D9,0x32D9,0x32D9,0x32D9,0x06D3,0x06E2,0x06DA,0x06D3,0x06E1,0x06E2,0x32D9,0x06D3,0x06E1,0x06E1,0x06E1,0x06E1,0x06E1,0x06E1,0x06E1,0x06E1,0x06E1,0x3244,0x3245,0x06D4,0x32D9,0x06D8,0x06E0,0x06D4,0x06E0,0x06E1,0x06E1,0x36E2,0x32D9,0x32D9,0x32D9,0x32D9,0x32D9,0x32D9,0x06D8,0x0619,0x060C,0x061B,0x06D8,0x32D9,0x32D9,0x06E0,0x06E1
13,0x06E1,0x06E1,0x06E2,0x32D9,0x06D3,0x06E1,0x06E1,0x06E1,0x06E2,0x3238,0x32D9,0x06D3,0x06E1,0x06E1,0x06E1,0x3244,0x3245,0x06E2,0x32D9,0x06DA,0x06DA,0x06D3,0x06E1,0x06E1,0x06E2,0x32D9,0x32D9,0x32D9,0x32D9,0x32D9,0x32D9,0x32D9,0x32D9,0x32D9,0x32D9,0x32D9,0x06E0,0x06D4,0x06E0,0x06D4,0x06E0,0x06E1,0x06E1,0x06E1,0x0639,0x06E1,0x06E1,0x06D4,0x32D9,0x32D9,0x32D9,0x06E0,0x06D4,0x32D9,0x32D9,0x06E0,0x06E1,0x06D4,0x32D9,0x32D9
14,0x32D9,0x32D9,0x32D9,0x32D9,0x06DA,0x32D9,0x06D3,0x06E1,0x0608,0x0610,0x0618,0x06E2,0x32D9,0x32D9,0x32D9,0x32D9,0x32D9,0x32D9,0x06D3,0x06E2,0x06DA,0x06DA,0x0640,0x0641,0x0646,0x32D9,0x32D9,0x0647,0x0641,0x0641,0x0641,0x0641,0x0641,0x0641,0x0641,0x0641,0x0642,0x06E0,0x06D4,0x06E0,0x06E1,0x06E1,0x06E1,0x0608,0x0610,0x0618,0x06D4,0x06D8,0x32D9,0x32D9,0x32D9,0x32D9,0x06D8,0x32D9,0x32D9,0x32D9,0x32D9,0x06E0,0x06E1,0x06D4
15,0x32D9,0x06D3,0x06E1,0x06E1,0x06E2,0x32D9,0x06DA,0x0654,0x0609,0x060A,0x060B,0x0642,0x32D9,0x32D9,0x32D9,0x32D9,0x32D9,0x32D9,0x06DA,0x32D9,0x06DA,0x06DA,0x32D9,0x06D3,0x0662,0x3244,0x3245,0x0663,0x06E1,0x0651,0x0652,0x065B,0x0652,0x0653,0x06E1,0x06D4,0x32D9,0x32D9,0x06E0,0x06E1,0x06D4,0x0654,0x0641,0x0609,0x060A,0x060B,0x06D8,0x06D8,0x32D9,0x32D9,0x32D9,0x32D9,0x06D8,0x32D9,0x3238,0x32D9,0x32D9,0x32D9,0x32D9,0x06E0
16,0x32D9,0x063B,0x32D9,0x32D9,0x32D9,0x32D9,0x06DA,0x065E,0x0623,0x0614,0x0624,0x32D9,0x32D9,0x32D9,0x06D3,0x06E1,0x3244,0x3245,0x06E2,0x32D9,0x06DA,0x06DA,0x32D9,0x06DA,0x32D9,0x32D9,0x32D9,0x32D9,0x06D3,0x0620,0x06E1,0x3221,0x06E1,0x0622,0x06D4,0x06E0,0x06E1,0x06E1,0x06D4,0x32D9,0x06D8,0x065E,0x32D9,0x0623,0x0614,0x0624,0x06D8,0x06D8,0x32D9,0x32D9,0x32D9,0x32D9,0x06E0,0x0608,0x0610,0x0618,0x06E1,0x06E1,0x06E1,0x06D4
17,0x0608,0x0610,0x3203,0x32D9,0x32D9,0x32D9,0x06DA,0x065E,0x062B,0x061C,0x062C,0x32D9,0x32D9,0x32D9,0x06DA,0x06D3,0x3244,0x3245,0x06E1,0x06E1,0x06E2,0x06DA,0x32D9,0x06DA,0x32D9,0x32D9,0x32D9,0x32D9,0x06DA,0x0628,0x3229,0x3229,0x3229,0x062A,0x06F3,0x32D9,0x32D9,0x32D9,0x06E0,0x06D4,0x06D8,0x065E,0x32D9,0x062B,0x061C,0x062C,0x06D8,0x06E0,0x06D4,0x32D9,0x32D9,0x32D9,0x32D9,0x0609,0x060A,0x060B,0x0605,0x0606,0x0607,0x06E0
18,0x0609,0x060A,0x060B,0x06D3,0x064B,0x064C,0x064D,0x065E,0x32D9,0x32D9,0x32D9,0x32D9,0x32D9,0x32D9,0x06DA,0x06DA,0x32D9,0x32D9,0x32D9,0x32D9,0x32D9,0x06DA,0x06D3,0x06E2,0x066E,0x32D9,0x32D9,0x066F,0x06DA,0x0630,0x3071,0x3071,0x3071,0x0632,0x06F3,0x32D9,0x32D9,0x32D9,0x32D9,0x06D8,0x06D8,0x065E,0x32D9,0x32D9,0x32D9,0x32D9,0x06D8,0x32D9,0x06E0,0x3244,0x3245,0x06E1,0x06D4,0x0611,0x0612,0x0613,0x060D,0x060E,0x060F,0x32D9
19,0x0611,0x0612,0x0613,0x06DA,0x060D,0x060E,0x060F,0x065E,0x32D9,0x32D9,0x32D9,0x32D9,0x32D9,0x32D9,0x06DA,0x06DA,0x32D9,0x32D9,0x32D9,0x32D9,0x32D9,0x06DA,0x06DA,0x06D3,0x0662,0x3244,0x3245,0x0663,0x06FD,0x3071,0x3680,0x3071,0x3680,0x3071,0x06FB,0x06E1,0x06D4,0x32D9,0x32D9,0x06D8,0x06D8,0x065E,0x32D9,0x32D9,0x32D9,0x32D9,0x06E0,0x06E1,0x06E1,0x3244,0x3245,0x06D4,0x06D8,0x0619,0x061A,0x061B,0x0625,0x0637,0x0627,0x32D9
20,0x0619,0x061A,0x061B,0x06DA,0x0625,0x0637,0x0627,0x065D,0x0641,0x0641,0x0641,0x0642,0x32D9,0x32D9,0x06DA,0x06DA,0x32D9,0x32D9,0x06D3,0x06E1,0x3244,0x06E2,0x06DA,0x06DA,0x3071,0x3071,0x3071,0x3071,0x3071,0x3071,0x3680,0x3071,0x3680,0x3071,0x3071,0x3071,0x06FB,0x06E1,0x06D4,0x06D8,0x06D8,0x065E,0x32D9,0x32D9,0x32D9,0x32D9,0x32D9,0x32D9,0x32D9,0x32D9,0x32D9,0x06D8,0x06E0,0x06E1,0x06E1,0x06D4,0x062D,0x063F,0x062F,0x32D9
21,0x0641,0x0641,0x0642,0x06DA,0x062D,0x063F,0x062F,0x32D9,0x06D3,0x06E1,0x06E1,0x06E1,0x3244,0x3245,0x06E2,0x06DA,0x32D9,0x32D9,0x06DA,0x06D3,0x3244,0x06E1,0x06E2,0x06DA,0x3071,0x3071,0x3071,0x3071,0x3071,0x3071,0x3071,0x3071,0x3071,0x3071,0x3071,0x3071,0x3071,0x3071,0x06CE,0x06D8,0x06D8,0x065D,0x0641,0x0642,0x32D9,0x32D9,0x32D9,0x32D9,0x32D9,0x32D9,0x32D9,0x06D8,0x32D9,0x32D9,0x32D9,0x06E0,0x06E1,0x06E1,0x06E1,0x06D4
22,0x06E1,0x06E1,0x06E1,0x06E2,0x06D3,0x06E1,0x06E1,0x06E1,0x06E2,0x32D9,0x32D9,0x32D9,0x32D9,0x32D9,0x32D9,0x06DA,0x32D9,0x32D9,0x06DA,0x06DA,0x32D9,0x32D9,0x32D9,0x06DA,0x3071,0x3071,0x3071,0x3071,0x3071,0x3071,0x3071,0x3071,0x3071,0x3071,0x3071,0x3071,0x3071,0x3071,0x06CE,0x06D8,0x06E0,0x06E1,0x06E1,0x06E1,0x3244,0x3245,0x06E1,0x064B,0x064C,0x064D,0x06D4,0x06E0,0x06E1,0x06E1,0x06D4,0x32D9,0x32D9,0x32D9,0x32D9,0x06E0
23,0x06D9,0x06D9,0x06D3,0x06E1,0x06E2,0x32D9,0x06D3,0x06E1,0x064B,0x064C,0x064D,0x06E1,0x3244,0x3245,0x06E1,0x06E2,0x06D3,0x06E1,0x06E2,0x06DA,0x32D9,0x32D9,0x32D9,0x06DA,0x3071,0x3071,0x0474,0x047C,0x047C,0x047C,0x047C,0x047C,0x047C,0x047C,0x047C,0x047C,0x047C,0x0489,0x06CE,0x06E0,0x06E1,0x06D4,0x0654,0x0642,0x32D9,0x32D9,0x32D9,0x060D,0x060E,0x060F,0x06D8,0x32D9,0x32D9,0x32D9,0x06E0,0x06D4,0x32D9,0x32D9,0x32D9,0x32D9
24,0x06E1,0x064B,0x064C,0x0607,0x32D9,0x32D9,0x06DA,0x0654,0x0659,0x060E,0x065A,0x0642,0x32D9,0x32D9,0x06D3,0x06E1,0x06E2,0x06D3,0x06E1,0x06E2,0x06D3,0x3244,0x3245,0x06CD,0x0474,0x0479,0x047D,0x10C3,0x10B1,0x10B1,0x10B1,0x10B1,0x10B1,0x10B1,0x10B1,0x10B1,0x10C4,0x0473,0x06D6,0x06E1,0x06D4,0x06D8,0x065E,0x32D9,0x32D9,0x32D9,0x32D9,0x0615,0x0616,0x0617,0x06D8,0x32D9,0x32D9,0x32D9,0x32D9,0x06D8,0x32D9,0x32D9,0x32D9,0x32D9
25,0x32D9,0x060D,0x060E,0x060F,0x32D9,0x32D9,0x06DA,0x065E,0x0615,0x0616,0x0617,0x32D9,0x32D9,0x32D9,0x06DA,0x06D3,0x06E1,0x06E2,0x32D9,0x32D9,0x06DA,0x3071,0x3071,0x0474,0x047D,0x10C3,0x10B1,0x10C0,0x1279,0x1279,0x1279,0x1279,0x1279,0x1279,0x1279,0x1279,0x10BA,0x047B,0x0479,0x0489,0x06F3,0x06D8,0x065E,0x32D9,0x32D9,0x32D9,0x32D9,0x061D,0x061E,0x061F,0x06D8,0x32D9,0x0605,0x0606,0x0607,0x06E0,0x06D4,0x32D9,0x32D9,0x32D9
26,0x32D9,0x0625,0x0636,0x0627,0x32D9,0x32D9,0x06DA,0x065E,0x061D,0x061E,0x061F,0x32D9,0x32D9,0x32D9,0x06DA,0x06DA,0x366B,0x366C,0x366C,0x366D,0x06DA,0x3071,0x3071,0x0475,0x10C3,0x10C0,0x1279,0x1279,0x1279,0x1279,0x1279,0x1279,0x1279,0x1279,0x1279,0x1279,0x10C2,0x10B1,0x10C4,0x0473,0x06F3,0x06D8,0x065E,0x32D9,0x32D9,0x32D9,0x32D9,0x32D9,0x32D9,0x32D9,0x06E0,0x06D4,0x060D,0x060E,0x060F,0x32D9,0x06D8,0x32D9,0x32D9,0x32D9
27,0x32D9,0x062D,0x063E,0x062F,0x32D9,0x32D9,0x06DA,0x065E,0x32D9,0x32D9,0x32D9,0x32D9,0x32D9,0x32D9,0x06DA,0x06DA,0x0430,0x0431,0x0432,0x0433,0x06DA,0x3071,0x3071,0x0475,0x10B8,0x1279,0x1279,0x1279,0x1279,0x1279,0x1279,0x1279,0x1279,0x1279,0x1279,0x1279,0x1279,0x1279,0x10BA,0x0473,0x06F3,0x06D8,0x065D,0x0641,0x0641,0x0642,0x32D9,0x32D9,0x32D9,0x32D9,0x32D9,0x06D8,0x0615,0x0616,0x0617,0x32D9,0x06E0,0x06D4,0x32D9,0x32D9
28,0x0641,0x0641,0x0641,0x0641,0x0642,0x06D3,0x06E2,0x065D,0x0641,0x0641,0x0641,0x0641,0x0642,0x06D3,0x06E2,0x06DA,0x0438,0x0439,0x043A,0x043B,0x06DA,0x3071,0x3071,0x0475,0x10B8,0x1279,0x1279,0x1279,0x1282,0x1283,0x1283,0x1283,0x1283,0x1284,0x1279,0x1279,0x1279,0x1279,0x10BA,0x0473,0x06F3,0x06E0,0x067B,0x067C,0x067D,0x067E,0x06D4,0x32D9,0x32D9,0x32D9,0x32D9,0x06D8,0x061D,0x061E,0x061F,0x32D9,0x32D9,0x06D8,0x32D9,0x32D9
29,0x32D9,0x32D9,0x06D3,0x06E1,0x06E1,0x06E2,0x06D3,0x06E1,0x06E1,0x06E1,0x06E1,0x06E1,0x06E1,0x06E2,0x06D3,0x06E2,0x067F,0x0441,0x0442,0x0677,0x06DA,0x3071,0x3071,0x0475,0x10B8,0x1279,0x1279,0x10CB,0x068A,0x068B,0x068B,0x068B,0x068B,0x068C,0x10CC,0x1279,0x1279,0x1279,0x10BA,0x0473,0x06F3,0x0654,0x0450,0x0451,0x0452,0x0453,0x06D8,0x32D9,0x32D9,0x32D9,0x32D9,0x06E0,0x06E1,0x3244,0x06D4,0x32D9,0x32D9,0x06E0,0x06D4,0x32D9
30,0x32D9,0x06D3,0x06E2,0x32D9,0x06D3,0x06E1,0x06E2,0x32D9,0x32D9,0x32D9,0x06D3,0x06E1,0x06E1,0x06E1,0x06E2,0x32D9,0x32D9,0x32D9,0x32D9,0x32D9,0x06DA,0x3071,0x3071,0x0475,0x10B8,0x1279,0x1279,0x10BA,0x05B8,0x05B9,0x05BA,0x05B3,0x05BB,0x05BC,0x10B8,0x1279,0x1279,0x1279,0x10BA,0x0473,0x06F3,0x065E,0x0458,0x0459,0x045A,0x045B,0x06D8,0x32D9,0x32D9,0x32D9,0x32D9,0x32D9,0x32D9,0x32D9,0x06D8,0x32D9,0x32D9,0x32D9,0x06D8,0x32D9
31,0x32D9,0x06DA,0x32D9,0x32D9,0x06DA,0x32D9,0x32D9,0x32D9,0x32D9,0x32D9,0x06DA,0x32D9,0x32D9,0x32D9,0x32D9,0x32D9,0x32D9,0x32D9,0x32D9,0x06D3,0x06FD,0x3071,0x3071,0x0475,0x10B8,0x1279,0x1279,0x10BA,0x05C0,0x05C1,0x05C2,0x05C5,0x05C3,0x05C4,0x10B8,0x1279,0x1279,0x1279,0x10BA,0x0473,0x06F3,0x065E,0x067F,0x0461,0x0462,0x0676,0x06E0,0x06E1,0x3244,0x3245,0x06D4,0x32D9,0x32D9,0x32D9,0x06E0,0x06E1,0x06E1,0x06D4,0x06E0,0x06D4
32,0x06D3,0x06E2,0x32D9,0x32D9,0x06DA,0x06D3,0x06E1,0x064B,0x064C,0x064D,0x06E2,0x32D9,0x32D9,0x32D9,0x32D9,0x32D9,0x06D3,0x3244,0x3245,0x06FD,0x3071,0x3071,0x3071,0x0475,0x10B8,0x1279,0x10CB,0x30D3,0x31C8,0x31C9,0x05CA,0x05CD,0x05CB,0x31CC,0x30D4,0x10CC,0x1279,0x1279,0x10BA,0x0473,0x06F3,0x065E,0x32D9,0x32D9,0x32D9,0x32D9,0x32D9,0x32D9,0x32D9,0x32D9,0x06D8,0x32D9,0x32D9,0x32D9,0x0649,0x06E1,0x06D4,0x06D8,0x32D9,0x06D8
33,0x06E2,0x32D9,0x32D9,0x06D3,0x06E2,0x06DA,0x0654,0x0659,0x060E,0x065A,0x0642,0x32D9,0x32D9,0x32D9,0x32D9,0x06D3,0x06FD,0x3071,0x3071,0x3071,0x3071,0x3071,0x3071,0x0475,0x10B8,0x1279,0x10BA,0x3001,0x3001,0x3001,0x3001,0x3001,0x3130,0x3001,0x3001,0x10B8,0x1279,0x1279,0x10BA,0x0473,0x06F3,0x065E,0x32D9,0x32D9,0x32D9,0x32D9,0x32D9,0x32D9,0x32D9,0x32D9,0x06E0,0x06E1,0x06E1,0x0608,0x0610,0x3203,0x06D8,0x06D8,0x32D9,0x06D8
34,0x32D9,0x32D9,0x32D9,0x06DA,0x32D9,0x06DA,0x065E,0x0615,0x0616,0x0617,0x32D9,0x32D9,0x32D9,0x32D9,0x06D3,0x06FD,0x3071,0x3071,0x3071,0x3071,0x3071,0x3071,0x0474,0x047D,0x10B8,0x1279,0x10BA,0x3001,0x3001,0x3001,0x3001,0x3001,0x0531,0x3001,0x3001,0x10B8,0x1279,0x1279,0x10BA,0x0473,0x06F3,0x065D,0x0642,0x32D9,0x32D9,0x0640,0x0641,0x0646,0x32D9,0x32D9,0x3205,0x3206,0x3207,0x0609,0x060A,0x060B,0x06D8,0x06D8,0x32D9,0x06D8
35,0x32D9,0x06D3,0x06E1,0x06E2,0x06D3,0x06E2,0x065E,0x061D,0x061E,0x061F,0x32D9,0x32D9,0x32D9,0x32D9,0x06DA,0x3071,0x0474,0x06DE,0x06DF,0x3244,0x3245,0x0479,0x047A,0x10C3,0x10C0,0x1279,0x10BA,0x3001,0x3001,0x3001,0x3001,0x3001,0x3001,0x3001,0x3001,0x10B8,0x1279,0x1279,0x10BA,0x0473,0x06FB,0x06E1,0x06E1,0x3244,0x3245,0x06E1,0x06D4,0x064E,0x32D9,0x32D9,0x060D,0x060E,0x060F,0x0611,0x0612,0x0613,0x06D8,0x06D8,0x32D9,0x06D8
36,0x06D3,0x06E2,0x32D9,0x32D9,0x06DA,0x32D9,0x065E,0x32D9,0x32D9,0x32D9,0x32D9,0x32D9,0x32D9,0x32D9,0x06DA,0x3071,0x0472,0x05D6,0x05D7,0x3001,0x3001,0x3001,0x3001,0x10B8,0x1279,0x1279,0x10BA,0x3001,0x3001,0x3001,0x3001,0x3001,0x3001,0x3001,0x3001,0x10B8,0x1279,0x1279,0x10BA,0x047B,0x0479,0x0479,0x0479,0x3244,0x3245,0x0489,0x06F3,0x064E,0x32D9,0x32D9,0x0625,0x0637,0x0627,0x0619,0x061A,0x061B,0x06D8,0x06E0,0x06D4,0x06D8
37,0x06E2,0x06D3,0x06E1,0x06E1,0x06E2,0x32D9,0x065D,0x0642,0x32D9,0x32D9,0x32D9,0x32D9,0x06D3,0x06E1,0x06FD,0x3071,0x0472,0x05E6,0x05E7,0x3001,0x3001,0x3001,0x3001,0x10B8,0x1279,0x1279,0x10C2,0x10B1,0x10B1,0x10B1,0x10B1,0x10B1,0x10B1,0x10B1,0x10B1,0x10C0,0x1279,0x1279,0x10C2,0x10B2,0x3001,0x3403,0x3001,0x3001,0x3001,0x0470,0x06F3,0x064E,0x32D9,0x32D9,0x062D,0x063F,0x062F,0x32D9,0x32D9,0x32D9,0x06D8,0x32D9,0x06D8,0x06D8
38,0x32D9,0x06DA,0x32D9,0x32D9,0x06D3,0x06E1,0x06E1,0x06E1,0x06E1,0x06E1,0x06E1,0x06E1,0x06FD,0x0474,0x0479,0x0479,0x047A,0x3001,0x10B0,0x10B1,0x10B1,0x10B1,0x10B1,0x10C0,0x1279,0x1279,0x1279,0x1279,0x1279,0x1279,0x1279,0x1279,0x1279,0x1279,0x1279,0x1279,0x1279,0x1279,0x1279,0x10BA,0x3001,0x3001,0x3001,0x3001,0x3001,0x0470,0x06F3,0x0656,0x0640,0x0641,0x0641,0x0641,0x0641,0x0641,0x0641,0x0642,0x06E0,0x06D4,0x06D8,0x06E0
39,0x06D3,0x06E2,0x32D9,0x06D3,0x06FD,0x0471,0x0474,0x0479,0x06DE,0x06DF,0x06DE,0x06DF,0x0479,0x047A,0x3001,0x3001,0x3001,0x3001,0x10B8,0x1279,0x1279,0x1279,0x1279,0x1279,0x1279,0x1279,0x1279,0x1279,0x1279,0x1279,0x1279,0x1279,0x1279,0x1279,0x1279,0x1279,0x1279,0x1279,0x1279,0x10BA,0x3001,0x3001,0x3001,0x3001,0x3001,0x0470,0x06FB,0x06E1,0x06E1,0x06E1,0x06E1,0x06E1,0x06E1,0x06E1,0x06D4,0x06D9,0x06D9,0x06D8,0x06E0,0x06D4
40,0x06DA,0x06D9,0x32D9,0x06DA,0x0471,0x0471,0x0472,0x3001,0x05D6,0x05D7,0x05D6,0x05D7,0x3001,0x3001,0x3001,0x3001,0x3001,0x3001,0x10B8,0x1279,0x1279,0x1279,0x1279,0x1279,0x1279,0x1279,0x1279,0x1279,0x1279,0x1279,0x1279,0x1279,0x1279,0x1279,0x1279,0x1279,0x1279,0x1279,0x1279,0x10C2,0x10B1,0x10B2,0x3001,0x3001,0x3001,0x0478,0x0479,0x0479,0x0479,0x0479,0x0489,0x0471,0x0471,0x0471,0x06F3,0x06D9,0x06D9,0x06D8,0x06D9,0x06D8
41,0x06DA,0x06D9,0x32D9,0x06DA,0x0471,0x0471,0x0472,0x3001,0x05E6,0x05E5,0x05DC,0x05DD,0x3001,0x3001,0x3001,0x3001,0x3001,0x3001,0x10B8,0x1279,0x1279,0x1279,0x1279,0x1279,0x1279,0x1279,0x1279,0x1279,0x1279,0x1279,0x1279,0x1279,0x1279,0x1279,0x1279,0x1279,0x1279,0x1279,0x1279,0x1279,0x1279,0x10BA,0x3001,0x3001,0x3001,0x3001,0x3001,0x3001,0x3001,0x3001,0x0478,0x06DE,0x06DF,0x0489,0x06FB,0x06D4,0x06D9,0x06E0,0x06D4,0x06D8
42,0x06DA,0x06D9,0x32D9,0x06DA,0x0471,0x0471,0x0472,0x3001,0x3001,0x3001,0x05D4,0x05D5,0x3001,0x3001,0x3001,0x3001,0x3001,0x3001,0x10B8,0x1279,0x1279,0x1279,0x1279,0x1279,0x1279,0x1279,0x1279,0x1279,0x1279,0x1279,0x1279,0x1279,0x1279,0x1279,0x1279,0x1279,0x1279,0x1279,0x1279,0x1279,0x1279,0x10BA,0x3001,0x3001,0x3001,0x3001,0x3001,0x3001,0x3001,0x3001,0x3001,0x05D6,0x05D7,0x0470,0x0471,0x06F3,0x06D9,0x06D9,0x06D8,0x06D8
43,0x06DA,0x06D9,0x32D9,0x06DA,0x0471,0x0471,0x0472,0x3001,0x3001,0x3001,0x05E6,0x05E7,0x3001,0x3001,0x3001,0x3001,0x3001,0x3001,0x10B8,0x1279,0x1279,0x1279,0x1279,0x1279,0x1279,0x1279,0x1279,0x1279,0x1279,0x1279,0x1279,0x1279,0x1279,0x1279,0x1279,0x1279,0x1279,0x1279,0x1279,0x1279,0x1279,0x10C2,0x10B1,0x10B1,0x10B2,0x3001,0x3001,0x3001,0x3001,0x31CE,0x31CF,0x05DC,0x05DD,0x0470,0x0471,0x06FB,0x06D4,0x06D9,0x06D8,0x06D8
44,0x06DA,0x06D9,0x32D9,0x06DA,0x0471,0x0471,0x0472,0x3001,0x3001,0x3001,0x3001,0x3001,0x3001,0x3001,0x31CE,0x31CF,0x3001,0x3001,0x10B8,0x1279,0x1279,0x1279,0x1279,0x1279,0x1279,0x1279,0x1279,0x1279,0x1279,0x1279,0x1279,0x1279,0x1279,0x1279,0x1279,0x1279,0x1279,0x1279,0x1279,0x1279,0x1279,0x1279,0x1279,0x1279,0x10BA,0x3001,0x3001,0x3001,0x3001,0x05D6,0x05D5,0x05D4,0x05D5,0x0470,0x0471,0x0471,0x06F3,0x06D9,0x06D8,0x06D8
45,0x06DC,0x06D2,0x32D9,0x06EC,0x06ED,0x0471,0x0472,0x3001,0x3001,0x3001,0x3001,0x3001,0x3001,0x3001,0x05D6,0x05D7,0x3001,0x3001,0x10B8,0x1279,0x1279,0x1279,0x1279,0x1279,0x1279,0x1279,0x1279,0x1279,0x1279,0x1279,0x1279,0x1279,0x1279,0x1279,0x1279,0x1279,0x1279,0x1279,0x1279,0x1279,0x1279,0x1279,0x1279,0x1279,0x10BA,0x3001,0x3001,0x3001,0x3001,0x05DC,0x05DD,0x05DC,0x05DD,0x0470,0x0471,0x0471,0x06F3,0x06D9,0x06D8,0x06D8
46,0x06D9,0x06DA,0x06D9,0x06D9,0x06DC,0x06ED,0x04BF,0x0469,0x0469,0x0469,0x046A,0x3001,0x3001,0x3001,0x05DC,0x05DD,0x10B0,0x10B1,0x10C0,0x1279,0x1279,0x1279,0x1279,0x1279,0x1279,0x1279,0x1279,0x1279,0x1279,0x1279,0x1279,0x1279,0x1279,0x1279,0x1279,0x1279,0x1279,0x1279,0x1279,0x1279,0x1279,0x1279,0x1279,0x1279,0x10C2,0x10B1,0x10B1,0x10B1,0x10B2,0x05D4,0x05D5,0x05D4,0x05D5,0x0470,0x0471,0x0471,0x06F3,0x06D9,0x06D8,0x06D8
47,0x06D9,0x06DC,0x06D1,0x06D1,0x06D2,0x06DC,0x06EC,0x06EC,0x06EC,0x06ED,0x04BF,0x0469,0x046A,0x3001,0x05D4,0x05D5,0x10B8,0x1279,0x1279,0x1279,0x1279,0x1279,0x1279,0x1279,0x1279,0x1279,0x1279,0x1279,0x1279,0x1279,0x1279,0x1279,0x1279,0x1279,0x1279,0x1279,0x1279,0x1279,0x1279,0x1279,0x1279,0x1279,0x1279,0x1279,0x1279,0x1279,0x1279,0x1279,0x10BA,0x05E6,0x05E5,0x05E4,0x05E7,0x0470,0x06EB,0x06EC,0x06DB,0x06D9,0x06D8,0x06D8
48,0x06D9,0x06D9,0x06D9,0x06D9,0x06DC,0x06D1,0x06D1,0x06D2,0x06D9,0x06DC,0x06EC,0x06ED,0x0472,0x3001,0x05E6,0x05E7,0x10B8,0x1279,0x1279,0x1279,0x1279,0x1279,0x1279,0x1279,0x1279,0x1279,0x1279,0x1279,0x1279,0x1279,0x1279,0x1279,0x1279,0x1279,0x1279,0x1279,0x1279,0x1279,0x1279,0x1279,0x1279,0x1279,0x1279,0x1279,0x1279,0x1279,0x1279,0x0498,0x0660,0x0669,0x3069,0x3069,0x3069,0x30BE,0x06F3,0x06D9,0x06D0,0x06D1,0x06DB,0x06DB
49,0x06D9,0x06D9,0x06D9,0x06D9,0x06D9,0x06D9,0x06D9,0x06DC,0x06D1,0x06D2,0x06D9,0x06DA,0x04BF,0x0469,0x0469,0x046A,0x10B8,0x1279,0x1279,0x1279,0x1279,0x1279,0x1279,0x1279,0x1279,0x1279,0x1279,0x1279,0x1279,0x1279,0x1279,0x1279,0x1279,0x1279,0x1279,0x1279,0x1279,0x1279,0x1279,0x1279,0x1279,0x1279,0x1279,0x1279,0x1279,0x1279,0x1279,0x04A0,0x0471,0x0471,0x0471,0x0471,0x06EB,0x06EC,0x06DB,0x06D0,0x06D8,0x06D9,0x06D9,0x06D9
50,0x06D1,0x06D1,0x06D1,0x06D2,0x06D9,0x06D9,0x06D9,0x06D9,0x06D9,0x06DA,0x06D9,0x06DC,0x06EC,0x06ED,0x0471,0x0472,0x10B8,0x1279,0x1279,0x1279,0x1279,0x1279,0x1279,0x1279,0x1279,0x1279,0x1279,0x1279,0x1279,0x1279,0x1279,0x1279,0x1279,0x1279,0x1279,0x1279,0x1279,0x1279,0x1279,0x1279,0x1279,0x0498,0x0669,0x0669,0x0669,0x0669,0x0669,0x0669,0x0471,0x06EB,0x06EC,0x06EC,0x06DB,0x06D9,0x06D9,0x06D8,0x06D8,0x06D9,0x06D9,0x06D9
51,0x06D9,0x06D9,0x06D9,0x06DC,0x06D1,0x06D2,0x06D9,0x06D9,0x06D9,0x06DC,0x06D1,0x06D1,0x06D2,0x06DC,0x06ED,0x0472,0x10B8,0x1279,0x1279,0x1279,0x1279,0x1279,0x1279,0x1279,0x1279,0x1279,0x1279,0x1279,0x1279,0x1279,0x1279,0x1279,0x1279,0x1279,0x1279,0x1279,0x1279,0x1279,0x1279,0x1279,0x1279,0x04A0,0x0471,0x0471,0x0471,0x0471,0x0471,0x0471,0x0471,0x06F3,0x06D9,0x06D9,0x06D9,0x06D0,0x06D1,0x06DB,0x06D8,0x06D9,0x06D9,0x06D9
52,0x06D9,0x06D9,0x06D9,0x06D9,0x06D9,0x06DA,0x06D9,0x06D9,0x06D9,0x06D9,0x06D9,0x06D9,0x06DA,0x06D9,0x06DA,0x0472,0x10B8,0x1279,0x1279,0x1279,0x1279,0x1279,0x1279,0x1279,0x1279,0x1279,0x1285,0x1286,0x1286,0x1286,0x1287,0x1279,0x1279,0x1279,0x1279,0x1279,0x1279,0x0498,0x0669,0x0669,0x0669,0x0669,0x0471,0x0471,0x0471,0x0471,0x06EB,0x06EC,0x06EC,0x06DB,0x06D9,0x06D9,0x06D9,0x06D8,0x06D9,0x06D9,0x06D8,0x06D9,0x06D9,0x06D9
53,0x06D9,0x06D9,0x06D9,0x06D9,0x06D9,0x06DC,0x06D1,0x06D2,0x06D9,0x06D9,0x06D9,0x06D9,0x06DC,0x06D2,0x06DA,0x0472,0x10B8,0x1279,0x1279,0x1279,0x1279,0x1279,0x1279,0x1279,0x1285,0x1286,0x128D,0x128E,0x128E,0x128E,0x128F,0x1286,0x1287,0x1279,0x1279,0x1279,0x1279,0x14A0,0x0471,0x0471,0x0471,0x0471,0x0471,0x0471,0x0471,0x06EB,0x06DB,0x06D0,0x06D1,0x06D1,0x06D1,0x06D1,0x06D1,0x06DB,0x06D0,0x06D1,0x06DB,0x06D9,0x06D9,0x06D9
54,0x06D9,0x06D9,0x06D9,0x06D9,0x06D9,0x06D9,0x06D9,0x06DA,0x06D9,0x06D9,0x06D9,0x06D9,0x06D9,0x06DA,0x06DA,0x0472,0x10B8,0x1279,0x1279,0x1279,0x1279,0x1279,0x1279,0x1285,0x128D,0x128E,0x128E,0x128E,0x128E,0x128E,0x128E,0x128E,0x128F,0x1287,0x1279,0x1279,0x1279,0x14A0,0x0471,0x0471,0x0471,0x0471,0x0471,0x06EB,0x06EC,0x06DB,0x06D9,0x06D8,0x06D9,0x06D9,0x06D9,0x06D9,0x06D0,0x06D1,0x06DB,0x06D9,0x06D9,0x06D9,0x06D9,0x06D9
55,0x06D9,0x06D9,0x06D9,0x06D9,0x06D9,0x06D9,0x06D9,0x06DC,0x06D1,0x06D2,0x06D9,0x06D9,0x06D9,0x06DA,0x06DA,0x0669,0x0669,0x0669,0x0669,0x049A,0x1279,0x1279,0x1285,0x128D,0x128E,0x128E,0x128E,0x128E,0x128E,0x128E,0x128E,0x128E,0x128E,0x128F,0x1287,0x0498,0x0669,0x0669,0x0471,0x0471,0x06EB,0x06EC,0x06EC,0x06DB,0x06D9,0x06D9,0x06D9,0x06D8,0x06D0,0x06D1,0x06D1,0x06D1,0x06DB,0x06D9,0x06D9,0x06D9,0x06D9,0x06D9,0x06D9,0x06D9
56,0x06D9,0x06D9,0x06D9,0x06D9,0x06D9,0x06D9,0x06D9,0x06D9,0x06D9,0x06DA,0x06D9,0x06D9,0x06D9,0x06DA,0x06DA,0x0471,0x0471,0x0471,0x0471,0x0669,0x0669,0x0669,0x0669,0x0669,0x0669,0x0669,0x0669,0x0669,0x0669,0x0669,0x0669,0x0669,0x0669,0x0669,0x0669,0x0669,0x0471,0x0471,0x0471,0x0471,0x06F3,0x06D9,0x06D0,0x06D1,0x06D1,0x06D1,0x06D1,0x06DB,0x06D8,0x06D9,0x06D9,0x06D9,0x06D9,0x06D9,0x06D9,0x06D9,0x06D9,0x06D9,0x06D9,0x06D9
57,0x06D9,0x06D9,0x06D9,0x06D9,0x06D9,0x06D9,0x06D9,0x06D9,0x06D9,0x06DC,0x06D1,0x06D2,0x06D9,0x06DA,0x06DC,0x06ED,0x0471,0x0471,0x0471,0x0471,0x0471,0x0471,0x0471,0x0471,0x0471,0x0471,0x0471,0x0471,0x0471,0x0471,0x0471,0x0471,0x0471,0x0471,0x0471,0x0471,0x0471,0x06EB,0x06EC,0x06EC,0x06DB,0x06D9,0x06D8,0x06D0,0x06D1,0x06D1,0x06D1,0x06D1,0x06DB,0x06D9,0x06D9,0x06D9,0x06D9,0x06D9,0x06D9,0x06D9,0x06D9,0x06D9,0x06D9,0x06D9
58,0x06D9,0x06D9,0x06D9,0x06D9,0x06D9,0x06D9,0x06D9,0x06D9,0x06D9,0x06D9,0x06D9,0x06DA,0x06D9,0x06DA,0x06D9,0x06DC,0x06EC,0x06EC,0x06EC,0x06EC,0x06EC,0x06EC,0x06EC,0x06EC,0x06EC,0x06EC,0x06EC,0x06EC,0x06EC,0x06EC,0x06EC,0x06EC,0x06EC,0x06EC,0x06EC,0x06EC,0x06EC,0x06DB,0x06D9,0x06D0,0x06D1,0x06D1,0x06DB,0x06D8,0x06D9,0x06D9,0x06D9,0x06D9,0x06D9,0x06D9,0x06D9,0x06D9,0x06D9,0x06D9,0x06D9,0x06D9,0x06D9,0x06D9,0x06D9,0x06D9
59,0x06D9,0x06D9,0x06D9,0x06D9,0x06D9,0x06D9,0x06D9,0x06D9,0x06D9,0x06D9,0x06D9,0x06DA,0x06D9,0x06DC,0x06D1,0x06D1,0x06D1,0x06D1,0x06D1,0x06D1,0x06D1,0x06D1,0x06D1,0x06D1,0x06D1,0x06D1,0x06D1,0x06D1,0x06D1,0x06D1,0x06D1,0x06D1,0x06D1,0x06D1,0x06D1,0x06D1,0x06D1,0x06D1,0x06D1,0x06DB,0x06D9,0x06D9,0x06D9,0x06D8,0x06D9,0x06D9,0x06D9,0x06D9,0x06D9,0x06D9,0x06D9,0x06D9,0x06D9,0x06D9,0x06D9,0x06D9,0x06D9,0x06D9,0x06D9,0x06D9
